Unique_Key,Created_Date,Closed_Date,Agency,Complaint_Type,Descriptor,Borough,Incident_Zip,Status,Open_Data_Channel_Type
63585643,2025-01-01T13:14:44.000,,DPR,Overgrown Tree/Branches,Dead Branches in Tree,BROOKLYN,11207.0,In Progress,PHONE
63585673,2025-01-01T15:09:07.000,,DOHMH,Food Poisoning,1 or 2,QUEENS,11103.0,In Progress,ONLINE
63585705,2025-01-01T15:24:48.000,,DOHMH,Food Poisoning,1 or 2,MANHATTAN,10036.0,In Progress,ONLINE
63585862,2025-01-01T08:35:00.000,,DEP,Sewer,Defective/Missing Curb Piece (SC4),QUEENS,11432.0,Started,ONLINE
63585989,2025-01-01T10:28:20.000,,DPR,Overgrown Tree/Branches,Hitting Power Lines,BROOKLYN,11234.0,In Progress,UNKNOWN
63586233,2025-01-01T08:09:00.000,,DOT,Street Light Condition,Street Light Out,BRONX,10454.0,Assigned,UNKNOWN
63586405,2025-01-01T21:12:27.000,,TLC,For Hire Vehicle Complaint,Driver Complaint - Non Passenger,MANHATTAN,10018.0,In Progress,ONLINE
63586884,2025-01-01T08:09:54.000,,DPR,Dead/Dying Tree,Planted More Than 2 Years Ago,BROOKLYN,11230.0,In Progress,ONLINE
63586943,2025-01-01T19:07:18.000,,TLC,Found Property,Bag/Wallet,QUEENS,11430.0,In Progress,PHONE
63587016,2025-01-01T10:04:09.000,,DPR,Maintenance or Facility,Structure - Outdoors,QUEENS,11372.0,In Progress,MOBILE
63587060,2025-01-01T20:59:24.000,,DOHMH,Food Poisoning,1 or 2,BROOKLYN,11209.0,In Progress,ONLINE
63587061,2025-01-01T16:24:47.000,,DOHMH,Indoor Air Quality,Chemical Vapors/Gases/Odors,BROOKLYN,11221.0,In Progress,PHONE
63587953,2025-01-01T13:14:48.000,2025-01-01T13:14:48.000,DOB,General Construction/Plumbing,Curb Cut/Driveway/Carport - Illegal,QUEENS,11104.0,Open,UNKNOWN
63588174,2025-01-01T14:21:22.000,,DPR,Overgrown Tree/Branches,Dead Branches in Tree,BROOKLYN,11210.0,In Progress,ONLINE
63588542,2025-01-01T18:17:00.000,,DEP,Water System,Possible Water Main Break (Use Comments) (WA1),MANHATTAN,10002.0,Started,PHONE
63589014,2025-01-01T12:19:33.000,2025-01-01T12:19:33.000,DOB,Building/Use,Zoning - Non-Conforming/Illegal Vehicle Storage,STATEN ISLAND,10310.0,Open,UNKNOWN
63589047,2025-01-01T15:08:46.000,,TLC,Taxi Report,Driver Report - Non Passenger,BRONX,10456.0,In Progress,ONLINE
63589078,2025-01-01T00:17:01.000,2025-01-01T00:17:01.000,DOB,General Construction/Plumbing,Cons - Contrary/Beyond Approved Plans/Permits,STATEN ISLAND,10314.0,Open,UNKNOWN
63589723,2025-01-01T16:47:03.000,,DPR,Illegal Tree Damage,Roots Damaged,BRONX,10459.0,In Progress,MOBILE
63589726,2025-01-01T19:57:13.000,,DOHMH,Unleashed Dog,Unleashed Dog in Public,BROOKLYN,11204.0,In Progress,ONLINE
63590116,2025-01-01T21:10:47.000,,TLC,For Hire Vehicle Complaint,Driver Complaint - Non Passenger,MANHATTAN,10018.0,In Progress,ONLINE
63590535,2025-01-01T09:21:59.000,,DSNY,Lot Condition,Trash,BROOKLYN,11213.0,In Progress,ONLINE
63590645,2025-01-01T21:23:13.000,,DOHMH,Food Poisoning,3 or More,MANHATTAN,10013.0,In Progress,ONLINE
63590678,2025-01-01T11:54:00.000,,DPR,Dead/Dying Tree,Planted More Than 2 Years Ago,BROOKLYN,11230.0,In Progress,ONLINE
63590945,2025-01-01T19:53:17.000,,DPR,Dead/Dying Tree,Planted More Than 2 Years Ago,QUEENS,11365.0,In Progress,ONLINE
63591857,2025-01-01T17:36:02.000,,DPR,Damaged Tree,Branch or Limb Has Fallen Down,QUEENS,11418.0,In Progress,MOBILE
63591861,2025-01-01T16:58:07.000,,TLC,For Hire Vehicle Report,Driver Report - Passenger,BROOKLYN,11219.0,In Progress,PHONE
63591997,2025-01-01T19:10:58.000,,DPR,Damaged Tree,Entire Tree Has Fallen Down,BROOKLYN,11208.0,In Progress,MOBILE
63592375,2025-01-01T09:12:00.000,,DOT,Street Light Condition,Street Light Out,QUEENS,11436.0,Assigned,UNKNOWN
63593080,2025-01-01T13:34:48.000,,DSNY,Lot Condition,Trash,BROOKLYN,11204.0,In Progress,PHONE
63593132,2025-01-01T15:02:00.000,,DEP,Sewer,Manhole Cover Missing (Emergency) (SA3),BROOKLYN,11229.0,Started,ONLINE
63593137,2025-01-01T11:06:01.000,2025-01-02T07:50:00.000,DOT,Street Condition,Pothole,MANHATTAN,10025.0,Pending,UNKNOWN
63593251,2025-01-01T11:04:33.000,,DOHMH,Food Poisoning,1 or 2,MANHATTAN,10013.0,In Progress,ONLINE
63593662,2025-01-01T17:24:07.000,,DOHMH,Indoor Air Quality,Sewage Odor,BRONX,10455.0,In Progress,ONLINE
63594116,2025-01-01T13:05:06.000,,DPR,Wood Pile Remaining,Remove Debris,BROOKLYN,11220.0,In Progress,ONLINE
63594130,2025-01-01T02:03:36.000,,DOHMH,Construction Lead Dust,Common Areas and Apartment,BRONX,10457.0,In Progress,PHONE
63594199,2025-01-01T13:53:59.000,2025-02-19T00:00:00.000,DOB,General Construction/Plumbing,Wall/Retaining Wall - Bulging/Cracked,BROOKLYN,11223.0,Assigned,UNKNOWN
63594307,2025-01-01T06:21:00.000,,DSNY,Dirty Condition,Trash,STATEN ISLAND,10309.0,In Progress,ONLINE
63594549,2025-01-01T18:50:05.000,,DPR,Damaged Tree,Branch or Limb Has Fallen Down,BROOKLYN,11208.0,In Progress,PHONE
63594580,2025-01-01T13:03:14.000,,DOHMH,Food Poisoning,1 or 2,BROOKLYN,11213.0,In Progress,PHONE
63594582,2025-01-01T17:09:25.000,,TLC,Taxi Complaint,Driver Complaint - Passenger,QUEENS,11369.0,In Progress,PHONE
63595386,2025-01-01T17:04:00.000,,TLC,Taxi Report,Driver Report - Passenger,QUEENS,11369.0,In Progress,PHONE
63595499,2025-01-01T20:27:00.000,,DOT,Street Light Condition,Street Light Out,QUEENS,11364.0,Assigned,UNKNOWN
63595514,2025-01-01T16:27:40.000,,DOT,Street Condition,Pothole,MANHATTAN,10014.0,Pending,UNKNOWN
63595610,2025-01-02T12:34:12.000,2025-01-02T12:34:12.000,DOB,General Construction/Plumbing,Curb Cut/Driveway/Carport - Illegal,QUEENS,11432.0,Open,UNKNOWN
63595644,2025-01-02T10:26:00.000,,DEP,Water System,Leak (Use Comments) (WA2),QUEENS,11412.0,Started,PHONE
63595649,2025-01-02T11:27:51.000,,DPR,Overgrown Tree/Branches,Dead Branches in Tree,BROOKLYN,11234.0,In Progress,ONLINE
63595887,2025-01-02T20:40:16.000,,DPR,Dead/Dying Tree,Planted More Than 2 Years Ago,BRONX,10465.0,In Progress,PHONE
63596032,2025-01-02T12:05:15.000,,DOHMH,Mobile Food Vendor,Equipment,MANHATTAN,10017.0,In Progress,MOBILE
63596102,2025-01-02T15:41:33.000,,DSNY,Lot Condition,Trash,STATEN ISLAND,10301.0,In Progress,PHONE
63596115,2025-01-02T17:37:00.000,,DOT,Street Light Condition,Street Light Out,QUEENS,11104.0,Assigned,UNKNOWN
63596120,2025-01-02T11:38:00.000,,DEP,Water System,Excessive Water In Basement (WEFB),MANHATTAN,10009.0,Started,PHONE
63596155,2025-01-02T15:40:31.000,,DPR,Damaged Tree,Branch Cracked and Will Fall,QUEENS,11361.0,In Progress,ONLINE
63596177,2025-01-02T18:50:47.000,,DOHMH,Food Poisoning,1 or 2,MANHATTAN,10022.0,In Progress,PHONE
63596185,2025-01-02T12:55:25.000,,DPR,Root/Sewer/Sidewalk Condition,Trees and Sidewalks Program,MANHATTAN,10037.0,In Progress,PHONE
63596195,2025-01-02T09:37:28.000,,DPR,Root/Sewer/Sidewalk Condition,Trees and Sidewalks Program,BROOKLYN,11230.0,In Progress,ONLINE
63596935,2025-01-02T23:03:45.000,2025-01-02T23:03:50.000,NYPD,Noise - Residential,Loud Music/Party,BRONX,10466.0,Unspecified,MOBILE
63597014,2025-01-01T14:21:16.000,,DOT,Street Condition,Wear & Tear,BROOKLYN,11229.0,Pending,UNKNOWN
63597198,2025-01-02T08:36:40.000,,TLC,Green Taxi Report,Driver Report - Non Passenger,Unspecified,,In Progress,ONLINE
63597360,2025-01-02T18:13:00.000,,DOT,Street Light Condition,Street Light Out,BRONX,10468.0,Assigned,UNKNOWN
63597431,2025-01-02T08:02:00.000,,DEP,Sewer,Catch Basin Grating Missing (SA4),STATEN ISLAND,10310.0,Open,PHONE
63597433,2025-01-02T18:08:00.000,,DEP,Sewer,Sewer Odor (SA2),BRONX,10472.0,Open,PHONE
63597442,2025-01-02T11:11:00.000,,DEP,Water System,Leak (Use Comments) (WA2),MANHATTAN,10001.0,Started,ONLINE
63597499,2025-01-02T09:24:42.000,,DOHMH,Construction Lead Dust,Common Areas and Apartment,BROOKLYN,11213.0,In Progress,PHONE
63597740,2025-01-02T13:19:59.000,,DPR,Overgrown Tree/Branches,Hitting Power Lines,BROOKLYN,11210.0,In Progress,ONLINE
63597890,2025-01-01T14:22:55.000,,DOT,Street Condition,Wear & Tear,BROOKLYN,11234.0,Pending,UNKNOWN
63597891,2025-01-01T14:18:01.000,,DOT,Street Condition,Wear & Tear,BROOKLYN,11229.0,Pending,UNKNOWN
63597896,2025-01-02T14:37:22.000,,DOT,Street Condition,Pothole,STATEN ISLAND,10309.0,Pending,UNKNOWN
63598146,2025-01-02T09:23:00.000,,DPR,Damaged Tree,Branch or Limb Has Fallen Down,BROOKLYN,11220.0,In Progress,ONLINE
63598170,2025-01-02T15:30:18.000,,DPR,Maintenance or Facility,Grass/Weeds,MANHATTAN,10007.0,In Progress,MOBILE
63599309,2025-01-02T16:29:24.000,,DOHMH,Construction Lead Dust,Common Areas and Apartment,BRONX,10453.0,In Progress,PHONE
63599325,2025-01-02T11:29:37.000,,DOHMH,Construction Lead Dust,Common Areas and Apartment,BROOKLYN,11236.0,In Progress,ONLINE
63599357,2025-01-02T17:55:25.000,,DOHMH,Food Poisoning,1 or 2,QUEENS,11375.0,In Progress,PHONE
63599402,2025-01-02T20:32:22.000,,DOHMH,Food Poisoning,1 or 2,QUEENS,11373.0,In Progress,ONLINE
63599403,2025-01-02T11:34:03.000,,DPR,Overgrown Tree/Branches,Dead Branches in Tree,QUEENS,11358.0,In Progress,PHONE
63599406,2025-01-02T11:18:43.000,2025-03-06T15:34:08.000,DPR,Root/Sewer/Sidewalk Condition,Trees and Sidewalks Program,QUEENS,11363.0,Unspecified,PHONE
63599524,2025-01-01T14:14:25.000,,DOT,Street Condition,Wear & Tear,BROOKLYN,11229.0,Pending,UNKNOWN
63599525,2025-01-01T14:11:57.000,,DOT,Street Condition,Wear & Tear,BROOKLYN,11223.0,Pending,UNKNOWN
63599531,2025-01-01T14:13:39.000,,DOT,Street Condition,Wear & Tear,BROOKLYN,11223.0,Pending,UNKNOWN
63599565,2025-01-01T14:19:02.000,,DOT,Street Condition,Wear & Tear,BROOKLYN,11229.0,Pending,UNKNOWN
63599735,2025-01-02T06:20:51.000,,DPR,Overgrown Tree/Branches,Blocking Street,BROOKLYN,11212.0,In Progress,ONLINE
63599946,2025-01-02T12:39:58.000,,DPR,Dead/Dying Tree,Planted More Than 2 Years Ago,BROOKLYN,11230.0,In Progress,ONLINE
63599967,2025-01-02T11:48:45.000,,DPR,Damaged Tree,Branch or Limb Has Fallen Down,BROOKLYN,11219.0,In Progress,PHONE
63600750,2025-01-02T23:25:37.000,2025-01-02T23:25:44.000,NYPD,Noise - Residential,Loud Music/Party,BRONX,10466.0,Unspecified,MOBILE
63601056,2025-01-02T13:30:00.000,,DOT,Street Light Condition,Street Light Out,BROOKLYN,11215.0,Assigned,UNKNOWN
63601189,2025-01-02T13:06:40.000,,DPR,Damaged Tree,Entire Tree Has Fallen Down,STATEN ISLAND,10314.0,In Progress,UNKNOWN
63601192,2025-01-02T12:26:55.000,,DPR,Root/Sewer/Sidewalk Condition,Trees and Sidewalks Program,BROOKLYN,11229.0,In Progress,PHONE
63601214,2025-01-02T11:54:29.000,,DPR,Damaged Tree,Branch Cracked and Will Fall,BROOKLYN,11209.0,In Progress,UNKNOWN
63601368,2025-01-02T19:10:58.000,,HPD,UNSANITARY CONDITION,PESTS,BROOKLYN,11226.0,Open,PHONE
63601369,2025-01-02T18:48:22.000,,DOT,Street Condition,Pothole,QUEENS,11377.0,Pending,UNKNOWN
63601397,2025-01-01T07:00:00.000,,DOT,Street Condition,Wear & Tear,STATEN ISLAND,10309.0,Pending,UNKNOWN
63601398,2025-01-01T14:15:35.000,,DOT,Street Condition,Wear & Tear,BROOKLYN,11210.0,Pending,UNKNOWN
63601452,2025-01-02T14:11:00.000,2025-01-04T02:50:00.000,DOT,Traffic Signal Condition,Post,QUEENS,11423.0,Assigned,UNKNOWN
63601499,2025-01-02T09:58:12.000,,DOT,Street Condition,Pothole,MANHATTAN,10007.0,Pending,UNKNOWN
63601500,2025-01-01T14:19:39.000,,DOT,Street Condition,Wear & Tear,BROOKLYN,11229.0,Pending,UNKNOWN
63601726,2025-01-02T11:30:12.000,,DPR,Damaged Tree,Branch or Limb Has Fallen Down,BROOKLYN,11219.0,In Progress,PHONE
63601769,2025-01-02T12:58:33.000,,DOHMH,Construction Lead Dust,Coming into Apartment,BRONX,10452.0,In Progress,PHONE
63602354,2025-01-02T16:33:33.000,,DOHMH,Mobile Food Vendor,Smoke/Odor,MANHATTAN,10022.0,In Progress,MOBILE
63603105,2025-01-02T23:45:42.000,,DOHMH,Unleashed Dog,Unleashed Dog in Public,BRONX,10463.0,In Progress,ONLINE
63603106,2025-01-02T21:39:41.000,,DOHMH,Unleashed Dog,Unleashed Dog in Public,BRONX,10463.0,In Progress,ONLINE
63603165,2025-01-02T16:43:21.000,,DOHMH,Mobile Food Vendor,Food Worker Activity,MANHATTAN,10020.0,In Progress,MOBILE
63603200,2025-01-02T13:16:51.000,2025-01-02T13:16:51.000,DOB,Building/Use,Illegal Conversion Of Residential Building/Space,QUEENS,11419.0,Open,UNKNOWN
63603328,2025-01-02T12:39:52.000,,DPR,Overgrown Tree/Branches,Blocking Street,QUEENS,11361.0,In Progress,ONLINE
63603331,2025-01-02T03:52:00.000,,DOT,Street Light Condition,Street Light Out,BRONX,10465.0,Assigned,UNKNOWN
63603417,2025-01-02T23:04:45.000,,DPR,Damaged Tree,Branch or Limb Has Fallen Down,QUEENS,11367.0,In Progress,PHONE
63603422,2025-01-02T16:03:19.000,,DPR,Damaged Tree,Branch or Limb Has Fallen Down,BRONX,10455.0,In Progress,PHONE
63603636,2025-01-02T16:56:00.000,,DEP,Water System,Leak (Use Comments) (WA2),BRONX,10471.0,Started,ONLINE
63603639,2025-01-02T12:05:12.000,,DSNY,Residential Disposal Complaint,Waste Set Out Too Early or Too Late,MANHATTAN,10033.0,In Progress,ONLINE
63604158,2025-01-02T23:12:16.000,2025-01-02T23:12:23.000,NYPD,Noise - Residential,Loud Music/Party,BRONX,10466.0,Unspecified,MOBILE
63604228,2025-01-02T23:11:00.000,2025-01-02T23:11:04.000,NYPD,Noise - Residential,Loud Music/Party,BRONX,10466.0,Unspecified,MOBILE
63604289,2025-01-02T22:46:51.000,2025-01-02T22:46:59.000,NYPD,Noise - Residential,Loud Music/Party,BRONX,10466.0,Unspecified,MOBILE
63604563,2025-01-02T18:15:00.000,,TLC,For Hire Vehicle Report,Driver Report - Non Passenger,QUEENS,11369.0,In Progress,PHONE
63604963,2025-01-02T08:35:55.000,,DPR,Damaged Tree,Branch Cracked and Will Fall,QUEENS,11416.0,In Progress,PHONE
63605056,2025-01-02T11:02:43.000,2025-01-02T11:02:43.000,DOB,Building/Use,Zoning - Non-Conforming/Illegal Vehicle Storage,STATEN ISLAND,10308.0,Open,UNKNOWN
63605065,2025-01-02T14:20:34.000,,DOT,Street Condition,Wear & Tear,BROOKLYN,11229.0,Pending,UNKNOWN
63605103,2025-01-01T04:20:00.000,,DOT,Street Condition,Wear & Tear,BROOKLYN,11235.0,Pending,UNKNOWN
63605212,2025-01-02T13:50:53.000,,DSNY,Lot Condition,Construction Debris,QUEENS,11355.0,In Progress,ONLINE
63605304,2025-01-02T15:07:31.000,,DPR,Overgrown Tree/Branches,Hitting Building,QUEENS,11691.0,In Progress,ONLINE
63605321,2025-01-02T12:29:00.000,,DEP,Water System,Hydrant Leaking (WC1),BRONX,10473.0,Started,ONLINE
63605520,2025-01-02T07:59:58.000,,DOHMH,Tobacco or Non-Tobacco Sale,Banned Tobacco Flavors Sold,BROOKLYN,11230.0,In Progress,ONLINE
63605527,2025-01-02T11:56:20.000,,DPR,Dead/Dying Tree,Planted More Than 2 Years Ago,STATEN ISLAND,10314.0,In Progress,PHONE
63605558,2025-01-02T15:16:13.000,2025-01-16T00:00:00.000,DOB,Special Projects Inspection Team (SPIT),Illegal Hotel Rooms In Residential Building,BROOKLYN,11215.0,Assigned,UNKNOWN
63606067,2025-01-02T11:29:58.000,,DOHMH,Mobile Food Vendor,Smoke/Odor,MANHATTAN,10022.0,In Progress,MOBILE
63606668,2025-01-02T01:56:00.000,,DOT,Street Light Condition,Street Light Out,BRONX,10461.0,Assigned,UNKNOWN
63606763,2025-01-02T10:44:00.000,2025-01-05T09:00:00.000,DEP,Water System,No Water (WNW),BROOKLYN,11213.0,Started,PHONE
63606812,2025-01-02T17:50:53.000,,DSNY,Graffiti,Graffiti,BRONX,10462.0,Open,UNKNOWN
63606874,2025-01-02T12:00:51.000,,DPR,Damaged Tree,Entire Tree Has Fallen Down,STATEN ISLAND,10314.0,In Progress,PHONE
63606884,2025-01-02T21:36:23.000,,DOT,Street Condition,Pothole,MANHATTAN,10014.0,Pending,UNKNOWN
63606900,2025-01-02T13:28:11.000,,DPR,Overgrown Tree/Branches,Dead Branches in Tree,QUEENS,11364.0,In Progress,PHONE
63606992,2025-01-02T16:08:20.000,,DPR,Maintenance or Facility,Recreation Center,BROOKLYN,11211.0,In Progress,ONLINE
63607023,2025-01-01T14:21:52.000,,DOT,Street Condition,Wear & Tear,BROOKLYN,11234.0,Pending,UNKNOWN
63607056,2025-01-02T12:44:00.000,,DEP,Water System,Leak (Use Comments) (WA2),BROOKLYN,11209.0,Assigned,PHONE
63607117,2025-01-02T15:15:39.000,,DSNY,Illegal Dumping,Removal Request,QUEENS,11101.0,In Progress,MOBILE
63607177,2025-01-02T14:17:10.000,,DPR,Damaged Tree,Branch Cracked and Will Fall,QUEENS,11420.0,In Progress,PHONE
63607180,2025-01-02T07:16:20.000,,DPR,Overgrown Tree/Branches,Hitting Building,QUEENS,11361.0,In Progress,UNKNOWN
63607193,2025-01-02T19:52:00.000,,DOT,Street Light Condition,Street Light Out,QUEENS,11377.0,Assigned,UNKNOWN
63607659,2025-01-02T12:37:13.000,,DPR,Dead/Dying Tree,Planted More Than 2 Years Ago,BROOKLYN,11230.0,In Progress,ONLINE
63607716,2025-01-02T23:03:23.000,2025-01-02T23:03:29.000,NYPD,Noise - Residential,Loud Music/Party,BRONX,10466.0,Unspecified,MOBILE
63607893,2025-01-02T23:07:11.000,2025-01-02T23:07:18.000,NYPD,Noise - Residential,Loud Music/Party,BRONX,10466.0,Unspecified,MOBILE
63608010,2025-01-02T23:04:42.000,2025-01-02T23:04:48.000,NYPD,Noise - Residential,Loud Music/Party,BRONX,10466.0,Unspecified,MOBILE
63608168,2025-01-02T23:18:00.000,2025-01-02T23:18:05.000,NYPD,Noise - Residential,Loud Music/Party,BRONX,10466.0,Unspecified,MOBILE
63608247,2025-01-02T22:44:57.000,2025-01-02T22:45:02.000,NYPD,Noise - Residential,Loud Music/Party,BRONX,10466.0,Unspecified,MOBILE
63608257,2025-01-03T00:18:59.000,2025-01-03T00:19:04.000,NYPD,Noise - Residential,Loud Music/Party,BRONX,10466.0,Unspecified,MOBILE
63608424,2025-01-02T10:23:27.000,,DPR,Maintenance or Facility,Structure - Indoors,QUEENS,11102.0,In Progress,PHONE
63608585,2025-01-02T11:56:39.000,,DPR,Damaged Tree,Entire Tree Has Fallen Down,STATEN ISLAND,10314.0,In Progress,PHONE
63608696,2025-01-02T08:32:00.000,,DEP,Sewer,RAIN GARDEN DEBRIS (GIRGD),QUEENS,11419.0,Open,PHONE
63608703,2025-01-02T10:57:40.000,,DOHMH,Construction Lead Dust,In Common Areas,BRONX,10467.0,In Progress,ONLINE
63608868,2025-01-02T12:56:02.000,,DPR,Root/Sewer/Sidewalk Condition,Trees and Sidewalks Program,MANHATTAN,10037.0,In Progress,PHONE
63609041,2025-01-01T14:16:05.000,,DOT,Street Condition,Wear & Tear,BROOKLYN,11210.0,Pending,UNKNOWN
63609042,2025-01-01T14:15:05.000,,DOT,Street Condition,Wear & Tear,BROOKLYN,11229.0,Pending,UNKNOWN
63609061,2025-01-01T14:17:15.000,,DOT,Street Condition,Wear & Tear,BROOKLYN,11210.0,Pending,UNKNOWN
63609127,2025-01-02T08:53:08.000,,DPR,Damaged Tree,Tree Leaning/Uprooted,QUEENS,11375.0,In Progress,PHONE
63609251,2025-01-02T09:58:00.000,,DOT,Street Light Condition,Street Light Out,BRONX,10454.0,Assigned,UNKNOWN
63609252,2025-01-02T09:55:00.000,,DOT,Street Light Condition,Street Light Out,BRONX,10465.0,Assigned,UNKNOWN
63609293,2025-01-02T12:24:31.000,,DPR,Damaged Tree,Branch or Limb Has Fallen Down,BROOKLYN,11236.0,In Progress,PHONE
63609512,2025-01-02T11:50:36.000,,DOHMH,Mobile Food Vendor,Equipment,MANHATTAN,10019.0,In Progress,MOBILE
63609633,2025-01-02T16:21:37.000,,DPR,Damaged Tree,Branch or Limb Has Fallen Down,BROOKLYN,11219.0,In Progress,PHONE
63610028,2025-01-01T14:22:25.000,,DOT,Street Condition,Wear & Tear,BROOKLYN,11234.0,Pending,UNKNOWN
63610072,2025-01-02T12:59:03.000,,DOHMH,Mobile Food Vendor,Smoke/Odor,MANHATTAN,10019.0,In Progress,MOBILE
63610488,2025-01-02T11:05:24.000,,DPR,Maintenance or Facility,Recreation Center,QUEENS,11355.0,In Progress,ONLINE
63610493,2025-01-01T07:45:59.000,,DOT,Street Condition,Pothole,QUEENS,11378.0,Pending,UNKNOWN
63610545,2025-01-03T11:29:57.000,,DPR,Overgrown Tree/Branches,Hitting Phone/Cable Lines,BROOKLYN,11234.0,In Progress,ONLINE
63610557,2025-01-03T08:40:32.000,,TLC,Taxi Report,Driver Report - Passenger,Unspecified,,In Progress,ONLINE
63610603,2025-01-03T17:51:39.000,,DOHMH,Construction Lead Dust,In Common Areas,BRONX,10458.0,In Progress,ONLINE
63610639,2025-01-03T10:09:10.000,,DOHMH,Animal Facility - No Permit,,MANHATTAN,10021.0,In Progress,ONLINE
63610692,2025-01-03T23:34:34.000,,DPR,Root/Sewer/Sidewalk Condition,Trees and Sidewalks Program,STATEN ISLAND,10312.0,In Progress,ONLINE
63611008,2025-01-03T09:54:56.000,,DSNY,Lot Condition,Trash,QUEENS,11421.0,In Progress,PHONE
63611753,2025-01-03T21:29:00.000,,DEP,Water System,Possible Water Main Break (Use Comments) (WA1),MANHATTAN,10024.0,Assigned,ONLINE
63611780,2025-01-03T06:57:10.000,,DSNY,Graffiti,Graffiti,BROOKLYN,11249.0,Open,UNKNOWN
63612073,2025-01-03T14:23:00.000,2025-04-22T00:00:00.000,DOB,Building/Use,Zoning - Non-Conforming/Illegal Vehicle Storage,QUEENS,11434.0,Assigned,UNKNOWN
63612224,2025-01-03T18:06:10.000,,TLC,For Hire Vehicle Report,Driver Report - Non Passenger,MANHATTAN,10001.0,In Progress,PHONE
63612302,2025-01-03T12:19:54.000,,DPR,Damaged Tree,Branch or Limb Has Fallen Down,QUEENS,11357.0,In Progress,PHONE
63612501,2025-01-03T23:03:00.000,,DOT,Street Light Condition,Street Light Out,QUEENS,11420.0,Assigned,UNKNOWN
63612902,2025-01-03T22:22:44.000,,HPD,GENERAL,BELL/BUZZER/INTERCOM,BROOKLYN,11216.0,Open,ONLINE
63612910,2025-01-03T22:22:44.000,,HPD,GENERAL,VENTILATION SYSTEM,BROOKLYN,11216.0,Open,ONLINE
63612921,2025-01-03T11:53:28.000,,HPD,GENERAL,COOKING GAS,MANHATTAN,10039.0,Open,PHONE
63613495,2025-01-02T07:00:00.000,,DOT,Street Condition,Wear & Tear,STATEN ISLAND,10306.0,Pending,UNKNOWN
63613529,2025-01-03T09:07:19.000,2025-01-17T00:00:00.000,DOB,Building/Use,Illegal. Commercial Use In Resident Zone,QUEENS,11428.0,Assigned,UNKNOWN
63613625,2025-01-03T13:17:40.000,,DSNY,Illegal Dumping,Removal Request,QUEENS,11358.0,In Progress,MOBILE
63613649,2025-01-03T10:30:19.000,,DPR,Damaged Tree,Branch or Limb Has Fallen Down,BROOKLYN,11234.0,In Progress,PHONE
63613664,2025-01-03T12:13:19.000,,DPR,Overgrown Tree/Branches,Blocking Street,QUEENS,11385.0,In Progress,ONLINE
63613873,2025-01-03T14:38:07.000,,DPR,Root/Sewer/Sidewalk Condition,Trees and Sidewalks Program,MANHATTAN,10037.0,In Progress,UNKNOWN
63614235,2025-01-03T13:00:58.000,,DSNY,Illegal Dumping,Removal Request,BRONX,10473.0,In Progress,PHONE
63614782,2025-01-03T20:38:00.000,,DEP,Sewer,Defective/Missing Curb Piece (SC4),QUEENS,11377.0,Started,PHONE
63615200,2025-01-03T10:23:27.000,,DOHMH,Unleashed Dog,Unleashed Dog in Public,BRONX,10467.0,In Progress,ONLINE
63615234,2025-01-03T14:06:17.000,,DPR,Overgrown Tree/Branches,Blocking Street,QUEENS,11366.0,In Progress,PHONE
63615333,2025-01-03T11:10:56.000,,DPR,Dead/Dying Tree,Planted More Than 2 Years Ago,BROOKLYN,11210.0,In Progress,UNKNOWN
63615336,2025-01-03T15:19:56.000,,DPR,Overgrown Tree/Branches,Dead Branches in Tree,BROOKLYN,11209.0,In Progress,ONLINE
63615339,2025-01-03T12:58:07.000,,DOHMH,Unleashed Dog,Unleashed Dog in Public,BRONX,10469.0,In Progress,PHONE
63615467,2025-01-03T14:55:38.000,,DOHMH,Mobile Food Vendor,Smoke/Odor,MANHATTAN,10019.0,In Progress,MOBILE
63615506,2025-01-03T14:33:00.000,,DOT,Street Light Condition,Street Light Out,QUEENS,11377.0,Assigned,UNKNOWN
63615937,2025-01-03T22:22:44.000,,HPD,FLOORING/STAIRS,FLOOR,BROOKLYN,11216.0,Open,ONLINE
63616332,2025-01-03T13:50:00.000,,DEP,Water System,Possible Water Main Break (Use Comments) (WA1),BROOKLYN,11223.0,Started,PHONE
63616346,2025-01-03T13:50:00.000,,DEP,Water System,Leak (Use Comments) (WA2),BROOKLYN,11213.0,Started,ONLINE
63616873,2025-01-03T17:11:58.000,,TLC,For Hire Vehicle Complaint,Car Service Company Complaint,MANHATTAN,10065.0,Unspecified,PHONE
63617962,2025-01-03T08:44:00.000,,DEP,Water System,Possible Water Main Break (Use Comments) (WA1),BROOKLYN,11210.0,Started,PHONE
63618373,2025-01-03T15:14:00.000,,DOT,Street Light Condition,Street Light Lamp Missing,MANHATTAN,10024.0,Assigned,UNKNOWN
63618379,2025-01-03T14:23:05.000,,DPR,Overgrown Tree/Branches,Hitting Power Lines,BROOKLYN,11210.0,In Progress,PHONE
63618520,2025-01-03T08:18:59.000,,DPR,Damaged Tree,Entire Tree Has Fallen Down,BROOKLYN,11220.0,In Progress,MOBILE
63619010,2025-01-03T22:22:44.000,,HPD,ELECTRIC,OUTLET/SWITCH,BROOKLYN,11216.0,Open,ONLINE
63619236,2025-01-03T22:22:44.000,,HPD,PAINT/PLASTER,WALL,BROOKLYN,11216.0,Open,ONLINE
63619459,2025-01-03T12:20:00.000,,DEP,Water System,Possible Water Main Break (Use Comments) (WA1),BROOKLYN,11203.0,Started,ONLINE
63619792,2025-01-03T10:39:51.000,,TLC,For Hire Vehicle Complaint,Driver Report - Non Passenger,QUEENS,11436.0,In Progress,PHONE
63619924,2025-01-03T10:28:43.000,,DPR,Damaged Tree,Branch or Limb Has Fallen Down,BROOKLYN,11209.0,In Progress,ONLINE
63620364,2025-01-03T09:50:04.000,,DSNY,Lot Condition,Trash,QUEENS,11421.0,In Progress,PHONE
63620442,2025-01-03T18:03:00.000,2025-01-03T19:25:00.000,DOT,Traffic Signal Condition,Controller,MANHATTAN,10002.0,Assigned,UNKNOWN
63621107,2025-01-03T12:17:00.000,,DOT,Street Light Condition,Street Light Out,BROOKLYN,11211.0,Assigned,UNKNOWN
63621123,2025-01-02T07:00:00.000,,DOT,Street Condition,Wear & Tear,STATEN ISLAND,10309.0,Pending,UNKNOWN
63621155,2025-01-01T19:48:34.000,,DOT,Street Condition,Wear & Tear,MANHATTAN,10021.0,Pending,UNKNOWN
63621544,2025-01-03T05:46:00.000,,DOT,Street Light Condition,Street Light Out,BRONX,10473.0,Assigned,UNKNOWN
63622043,2025-01-03T22:22:44.000,,HPD,DOOR/WINDOW,WINDOW FRAME,BROOKLYN,11216.0,Open,ONLINE
63622288,2025-01-03T22:22:44.000,,HPD,PAINT/PLASTER,CEILING,BROOKLYN,11216.0,Open,ONLINE
63622430,2025-01-03T09:07:00.000,2025-01-02T08:59:00.000,DOT,Street Light Condition,Street Light Cycling,BRONX,10451.0,Pending,UNKNOWN
63622568,2025-01-03T10:35:00.000,,DEP,Water System,Hydrant Running (WC3),BRONX,10461.0,Started,PHONE
63622678,2025-01-03T14:44:07.000,,DOT,Street Condition,Pothole,STATEN ISLAND,10312.0,Pending,UNKNOWN
63622936,2025-01-04T16:32:29.000,,DPR,Damaged Tree,Tree Leaning/Uprooted,QUEENS,11378.0,In Progress,PHONE
63622951,2025-01-04T21:36:02.000,,DOHMH,Unleashed Dog,Unleashed Dog in Public,QUEENS,11379.0,In Progress,ONLINE
63623416,2025-01-04T16:29:00.000,,DEP,Water System,Possible Water Main Break (Use Comments) (WA1),BRONX,10467.0,Started,ONLINE
63624152,2025-01-04T11:49:05.000,,HPD,UNSANITARY CONDITION,PESTS,BROOKLYN,11213.0,Open,PHONE
63624436,2025-01-04T22:06:43.000,,TLC,For Hire Vehicle Complaint,Driver Complaint - Non Passenger,MANHATTAN,10016.0,In Progress,MOBILE
63625101,2025-01-04T12:53:18.000,2025-01-09T12:00:00.000,DOHMH,Indoor Air Quality,Sewage Odor,MANHATTAN,10019.0,Assigned,ONLINE
63625713,2025-01-04T07:15:54.000,,DSNY,Lot Condition,Trash,STATEN ISLAND,10308.0,In Progress,PHONE
63625846,2025-01-04T16:28:39.000,,DPR,Dead/Dying Tree,Planted More Than 2 Years Ago,QUEENS,11378.0,In Progress,PHONE
63627337,2025-01-04T14:46:43.000,,DSNY,Lot Condition,Trash,MANHATTAN,10027.0,In Progress,PHONE
63627506,2025-01-04T11:26:07.000,,DPR,Damaged Tree,Entire Tree Has Fallen Down,QUEENS,11428.0,In Progress,ONLINE
63627524,2025-01-04T09:28:53.000,,DPR,Illegal Tree Damage,Bicycle Chained to Tree,BROOKLYN,11236.0,In Progress,PHONE
63627928,2025-01-04T12:01:00.000,2025-01-05T10:40:00.000,DOT,Traffic Signal Condition,Ped Lamp,BROOKLYN,11222.0,Assigned,UNKNOWN
63629066,2025-01-04T13:50:17.000,,DPR,Overgrown Tree/Branches,Dead Branches in Tree,QUEENS,11001.0,In Progress,PHONE
63629068,2025-01-04T12:39:48.000,,TLC,Taxi Report,Driver Report - Passenger,QUEENS,11369.0,In Progress,PHONE
63629112,2025-01-04T13:58:36.000,,DPR,Dead/Dying Tree,Planted More Than 2 Years Ago,QUEENS,11370.0,In Progress,ONLINE
63629390,2025-01-04T08:40:52.000,2025-01-04T08:40:52.000,DOB,General Construction/Plumbing,Curb Cut/Driveway/Carport - Illegal,QUEENS,11105.0,Open,UNKNOWN
63629501,2025-01-04T10:12:06.000,2025-03-27T00:00:00.000,DOB,Building/Use,No Certificate Of Occupancy/Illegal/Contrary To CO,QUEENS,11416.0,Assigned,UNKNOWN
63629730,2025-01-04T03:46:00.000,,DOT,Street Light Condition,Street Light Out,BRONX,10462.0,Assigned,UNKNOWN
63629731,2025-01-04T03:42:00.000,,DOT,Street Light Condition,Street Light Out,BRONX,10462.0,Assigned,UNKNOWN
63629755,2025-01-04T09:15:00.000,,DOT,Street Light Condition,Street Light Out,BRONX,10465.0,Assigned,UNKNOWN
63630457,2025-01-04T11:31:04.000,,DOHMH,Mobile Food Vendor,Equipment,MANHATTAN,10020.0,In Progress,MOBILE
63630475,2025-01-04T10:01:55.000,,DOHMH,Construction Lead Dust,Common Areas and Apartment,BROOKLYN,11214.0,In Progress,PHONE
63630561,2025-01-04T12:15:01.000,,DOHMH,Mobile Food Vendor,Equipment,MANHATTAN,10020.0,In Progress,MOBILE
63631892,2025-01-04T22:25:36.000,,HPD,PAINT/PLASTER,RADIATOR,BROOKLYN,11216.0,Open,ONLINE
63632046,2025-01-04T09:57:27.000,,DPR,Overgrown Tree/Branches,Hitting Power Lines,BROOKLYN,11223.0,In Progress,UNKNOWN
63632121,2025-01-04T16:14:14.000,,DPR,Root/Sewer/Sidewalk Condition,Trees and Sidewalks Program,BROOKLYN,11204.0,In Progress,PHONE
63632805,2025-01-05T00:59:00.000,,DOT,Street Light Condition,Street Light Out,QUEENS,11421.0,Assigned,UNKNOWN
63632830,2025-01-04T04:58:00.000,,DOT,Street Light Condition,Street Light Out,BRONX,10461.0,Assigned,UNKNOWN
63632986,2025-01-04T22:25:36.000,,HPD,GENERAL,VENTILATION SYSTEM,BROOKLYN,11216.0,Open,ONLINE
63632991,2025-01-04T19:41:00.000,,DOT,Street Light Condition,Street Light Out,BRONX,10465.0,Assigned,UNKNOWN
63632992,2025-01-04T09:17:00.000,,DOT,Street Light Condition,Street Light Out,BRONX,10465.0,Assigned,UNKNOWN
63633123,2025-01-04T22:25:36.000,,HPD,FLOORING/STAIRS,FLOOR,BROOKLYN,11216.0,Open,ONLINE
63633609,2025-01-04T11:14:39.000,,DPR,Overgrown Tree/Branches,Hitting Power Lines,BROOKLYN,11228.0,In Progress,ONLINE
63633639,2025-01-04T12:46:21.000,,TLC,Taxi Complaint,Driver Complaint - Passenger,QUEENS,11369.0,In Progress,PHONE
63634554,2025-01-04T22:25:36.000,,HPD,ELECTRIC,OUTLET/SWITCH,BROOKLYN,11216.0,Open,ONLINE
63635025,2025-01-05T13:57:32.000,,TLC,For Hire Vehicle Report,Car Service Company Report,MANHATTAN,10012.0,In Progress,ONLINE
63635146,2025-01-05T16:00:08.000,,DPR,Damaged Tree,Branch Cracked and Will Fall,QUEENS,11367.0,In Progress,MOBILE
63636059,2025-01-05T13:08:20.000,,HPD,ELECTRIC,NO LIGHTING,BROOKLYN,11213.0,Open,ONLINE
63636442,2025-01-05T16:16:09.000,,HPD,PLUMBING,BASIN/SINK,QUEENS,11420.0,Open,ONLINE
63636482,2025-01-05T12:40:11.000,,HPD,UNSANITARY CONDITION,PESTS,QUEENS,11364.0,Open,PHONE
63636638,2025-01-05T14:17:00.000,,DEP,Sewer,Manhole Cover Missing (Emergency) (SA3),BROOKLYN,11209.0,Started,PHONE
63637001,2025-01-05T10:40:38.000,2025-01-05T10:40:44.000,NYPD,Noise - Residential,Loud Music/Party,BRONX,10466.0,Unspecified,MOBILE
63637197,2025-01-05T22:30:52.000,2025-01-05T23:00:55.000,NYPD,Noise - Residential,Loud Music/Party,BRONX,10466.0,Unspecified,MOBILE
63637497,2025-01-05T12:40:11.000,,HPD,DOOR/WINDOW,WINDOW PANE,QUEENS,11364.0,Open,PHONE
63637980,2025-01-05T20:07:00.000,,DOT,Street Light Condition,Street Light Out,BRONX,10469.0,Assigned,UNKNOWN
63638049,2025-01-05T12:40:11.000,,HPD,UNSANITARY CONDITION,MOLD,QUEENS,11364.0,Open,PHONE
63638179,2025-01-05T12:19:15.000,,DOHMH,Construction Lead Dust,Common Areas and Apartment,QUEENS,11375.0,In Progress,PHONE
63638217,2025-01-05T18:43:00.000,,DOT,Street Light Condition,Street Light Out,QUEENS,11237.0,Assigned,UNKNOWN
63638570,2025-01-05T13:08:20.000,,HPD,GENERAL,SIGNAGE MISSING,BROOKLYN,11213.0,Open,ONLINE
63639617,2025-01-05T20:56:00.000,,DEP,Plant,DRY WEATHER DISCHARGE - DWD,BRONX,10456.0,Open,ONLINE
63639716,2025-01-05T09:20:00.000,,DEP,Sewer,Sewer Backup (Use Comments) (SA),QUEENS,11355.0,Open,ONLINE
63639909,2025-01-05T14:17:00.000,,DEP,Water System,Hydrant Defective (WC2),MANHATTAN,10032.0,Assigned,PHONE
63639963,2025-01-05T01:49:00.000,,DOT,Street Light Condition,Street Light Out,BRONX,10469.0,Assigned,UNKNOWN
63640816,2025-01-05T13:08:25.000,,DSNY,Illegal Dumping,Removal Request,QUEENS,11691.0,In Progress,MOBILE
63641128,2025-01-05T17:28:07.000,,TLC,Taxi Report,Driver Report - Passenger,MANHATTAN,10065.0,In Progress,PHONE
63641187,2025-01-05T19:29:07.000,,TLC,For Hire Vehicle Report,Car Service Company Report,MANHATTAN,10016.0,In Progress,PHONE
63641633,2025-01-05T14:16:48.000,2025-01-05T14:16:58.000,NYPD,Noise - Residential,Loud Music/Party,BRONX,10466.0,Unspecified,MOBILE
63641918,2025-01-05T12:01:01.000,2025-01-05T12:01:26.000,NYPD,Noise - Residential,Loud Music/Party,BRONX,10466.0,Unspecified,MOBILE
63642516,2025-01-05T08:47:09.000,,DOHMH,Unleashed Dog,Unleashed Dog in Public,BROOKLYN,11207.0,In Progress,PHONE
63642517,2025-01-05T02:44:54.000,2025-05-01T00:00:00.000,DOB,Building/Use,Illegal Conversion Of Residential Building/Space,BROOKLYN,11232.0,Assigned,UNKNOWN
63642560,2025-01-05T09:37:02.000,,DSNY,Lot Condition,Trash,STATEN ISLAND,10303.0,In Progress,PHONE
63643141,2025-01-05T11:39:18.000,2025-01-05T11:39:24.000,NYPD,Noise - Residential,Loud Music/Party,BRONX,10466.0,Unspecified,MOBILE
63644116,2025-01-05T13:58:13.000,,DOHMH,Harboring Bees/Wasps,Bees/Wasps - Not a beekeper,BROOKLYN,11221.0,In Progress,PHONE
63644229,2025-01-05T21:02:00.000,,DEP,Water System,Leak (Use Comments) (WA2),BROOKLYN,11230.0,Open,PHONE
63644258,2025-01-05T16:08:00.000,,DEP,Water System,Leak (Use Comments) (WA2),BROOKLYN,11211.0,Open,PHONE
63644331,2025-01-05T18:37:14.000,,DOHMH,Construction Lead Dust,In Common Areas,BROOKLYN,11249.0,In Progress,ONLINE
63644417,2025-01-05T14:32:00.000,,DEP,Water System,Leak (Use Comments) (WA2),BROOKLYN,11209.0,Open,ONLINE
63645241,2025-01-05T18:03:50.000,,HPD,ELECTRIC,NO LIGHTING,QUEENS,11432.0,Open,PHONE
63645556,2025-01-05T12:40:11.000,,HPD,PAINT/PLASTER,WALL,QUEENS,11364.0,Open,PHONE
63645967,2025-01-05T13:14:00.000,,DEP,Sewer,Manhole Overflow (Use Comments) (SA1),QUEENS,11367.0,Open,PHONE
63645978,2025-01-05T17:08:00.000,,DEP,Water System,Leak (Use Comments) (WA2),BROOKLYN,11239.0,Open,MOBILE
63646750,2025-01-05T11:14:59.000,2025-01-05T11:15:14.000,NYPD,Noise - Residential,Loud Music/Party,BRONX,10466.0,Unspecified,MOBILE
63646793,2025-01-05T12:48:52.000,,HPD,ELECTRIC,POWER OUTAGE,BROOKLYN,11213.0,Open,ONLINE
63647164,2025-01-05T12:40:11.000,,HPD,PAINT/PLASTER,CEILING,QUEENS,11364.0,Open,PHONE
63647210,2025-01-05T15:14:02.000,2025-02-11T00:00:00.000,DOB,Building/Use,Illegal Conversion Of Residential Building/Space,QUEENS,11428.0,Assigned,UNKNOWN
63647218,2025-01-05T19:31:28.000,,DPR,Root/Sewer/Sidewalk Condition,Trees and Sidewalks Program,BROOKLYN,11204.0,In Progress,ONLINE
63647358,2025-01-05T23:37:15.000,,DOHMH,Unleashed Dog,Unleashed Dog in Public,MANHATTAN,10026.0,In Progress,ONLINE
63647457,2025-01-06T08:57:00.000,2025-01-08T11:30:00.000,DOT,Traffic Signal Condition,LED Lense,BROOKLYN,11226.0,Assigned,UNKNOWN
63647525,2025-01-06T13:50:19.000,,DPR,Dead/Dying Tree,Planted More Than 2 Years Ago,BROOKLYN,11230.0,In Progress,ONLINE
63647545,2025-01-06T15:31:15.000,,DPR,Dead/Dying Tree,Planted More Than 2 Years Ago,QUEENS,11385.0,In Progress,ONLINE
63647571,2025-01-06T18:28:32.000,,DPR,Damaged Tree,Branch Cracked and Will Fall,BROOKLYN,11235.0,In Progress,MOBILE
63647770,2025-01-06T10:06:48.000,,DOHMH,Construction Lead Dust,Coming into Apartment,MANHATTAN,10026.0,In Progress,ONLINE
63647807,2025-01-06T04:57:00.000,,DOT,Street Light Condition,Street Light Out,BRONX,10462.0,Assigned,UNKNOWN
63647835,2025-01-06T05:42:37.000,,DSNY,Dirty Condition,Trash,STATEN ISLAND,10309.0,In Progress,ONLINE
63648269,2025-01-06T17:03:59.000,2025-01-06T17:04:19.000,NYPD,Noise - Residential,Loud Music/Party,BRONX,10466.0,Unspecified,MOBILE
63648276,2025-01-06T22:41:24.000,2025-01-06T22:41:30.000,NYPD,Noise - Residential,Loud Music/Party,BRONX,10466.0,Unspecified,MOBILE
63648324,2025-01-06T23:34:08.000,2025-01-06T23:34:15.000,NYPD,Noise - Residential,Loud Music/Party,BRONX,10466.0,Unspecified,MOBILE
63648436,2025-01-06T07:46:03.000,2025-01-06T07:46:03.000,DOB,General Construction/Plumbing,"Building - Vacant, Open And Unguarded",BRONX,10469.0,Open,UNKNOWN
63648470,2025-01-06T23:00:28.000,2025-01-06T23:01:12.000,NYPD,Noise - Residential,Loud Music/Party,BRONX,10466.0,Unspecified,MOBILE
63648516,2025-01-06T17:29:16.000,,HPD,APPLIANCE,ELECTRIC/GAS RANGE,BRONX,10466.0,Open,ONLINE
63648520,2025-01-06T10:31:32.000,,HPD,ELECTRIC,NO LIGHTING,BROOKLYN,11221.0,Open,ONLINE
63648881,2025-01-06T10:14:00.000,,DEP,Sewer,Manhole Overflow (Use Comments) (SA1),MANHATTAN,10016.0,Open,PHONE
63648888,2025-01-06T02:17:00.000,,DEP,Sewer,Manhole Overflow (Use Comments) (SA1),QUEENS,11364.0,Open,ONLINE
63648948,2025-01-06T11:22:59.000,,HPD,PAINT/PLASTER,CEILING,BRONX,10459.0,Open,PHONE
63648968,2025-01-06T17:45:17.000,,HPD,PAINT/PLASTER,WALL,BRONX,10454.0,Open,PHONE
63648994,2025-01-06T14:03:55.000,,HPD,PAINT/PLASTER,WALL,MANHATTAN,10027.0,Open,PHONE
63649325,2025-01-06T14:03:55.000,,HPD,UNSANITARY CONDITION,PESTS,MANHATTAN,10027.0,Open,PHONE
63649494,2025-01-06T15:44:26.000,,DPR,Root/Sewer/Sidewalk Condition,Trees and Sidewalks Program,STATEN ISLAND,10306.0,In Progress,PHONE
63650141,2025-01-06T22:50:56.000,2025-01-06T22:51:01.000,NYPD,Noise - Residential,Loud Music/Party,BRONX,10466.0,Unspecified,MOBILE
63650302,2025-01-06T23:06:49.000,2025-01-06T23:07:04.000,NYPD,Noise - Residential,Loud Music/Party,BRONX,10466.0,Unspecified,MOBILE
63650743,2025-01-06T11:23:01.000,,HPD,PLUMBING,BATHTUB/SHOWER,BRONX,10459.0,Open,PHONE
63650744,2025-01-06T15:01:28.000,,DSNY,Graffiti,Graffiti,BRONX,10460.0,Open,UNKNOWN
63650749,2025-01-05T19:57:43.000,2025-02-11T00:00:00.000,DOB,Building/Use,Illegal Conversion Of Residential Building/Space,QUEENS,11428.0,Assigned,UNKNOWN
63650778,2025-01-06T07:10:43.000,,HPD,PLUMBING,BASIN/SINK,BROOKLYN,11208.0,Open,PHONE
63650997,2025-01-06T10:41:00.000,,DEP,Water System,Possible Water Main Break (Use Comments) (WA1),BRONX,10452.0,Started,PHONE
63651181,2025-01-06T15:43:00.000,,DOT,Street Light Condition,Street Light Out,QUEENS,11693.0,Assigned,UNKNOWN
63651202,2025-01-06T15:19:16.000,,HPD,PLUMBING,TOILET,BROOKLYN,11225.0,Open,ONLINE
63651218,2025-01-06T15:33:38.000,,HPD,WATER LEAK,HEAVY FLOW,BRONX,10452.0,Open,PHONE
63651268,2025-01-06T10:31:14.000,,HPD,DOOR/WINDOW,WINDOW FRAME,BRONX,10452.0,Open,PHONE
63651340,2025-01-06T17:50:54.000,,HPD,APPLIANCE,REFRIGERATOR,BROOKLYN,11215.0,Open,ONLINE
63651343,2025-01-06T09:57:00.000,,DOT,Street Light Condition,Lamppost Knocked Down,MANHATTAN,10027.0,Assigned,UNKNOWN
63651610,2025-01-06T16:19:00.000,,DOT,Street Light Condition,Street Light Out,BRONX,10468.0,Assigned,UNKNOWN
63652254,2025-01-06T17:50:54.000,,HPD,APPLIANCE,ELECTRIC/GAS RANGE,BROOKLYN,11215.0,Open,ONLINE
63652270,2025-01-06T14:45:02.000,,HPD,DOOR/WINDOW,WINDOW FRAME,BROOKLYN,11213.0,Open,PHONE
63652707,2025-01-06T15:11:17.000,,DOHMH,Construction Lead Dust,In Common Areas,MANHATTAN,10031.0,In Progress,ONLINE
63652911,2025-01-06T08:41:00.000,,DEP,Water System,Hydrant Defective (WC2),QUEENS,11423.0,Started,ONLINE
63652920,2025-01-06T09:32:00.000,,DEP,Water System,Possible Water Main Break (Use Comments) (WA1),BROOKLYN,11226.0,Open,PHONE
63652946,2025-01-06T09:56:00.000,,DEP,Water System,Leak (Use Comments) (WA2),BRONX,10468.0,Open,PHONE
63653050,2025-01-06T17:41:00.000,,DOT,Street Light Condition,Street Light Out,MANHATTAN,10021.0,Assigned,UNKNOWN
63653062,2025-01-06T11:18:48.000,2025-01-06T11:18:48.000,DOB,General Construction/Plumbing,Building Permit - None,BROOKLYN,11236.0,Assigned,UNKNOWN
63653189,2025-01-03T07:00:00.000,,DOT,Street Condition,Wear & Tear,STATEN ISLAND,10312.0,Pending,UNKNOWN
63653241,2025-01-05T16:10:41.000,,DOT,Street Condition,Pothole,STATEN ISLAND,10309.0,Pending,UNKNOWN
63653249,2025-01-06T14:58:44.000,,TLC,For Hire Vehicle Report,Driver Report - Non Passenger,STATEN ISLAND,10304.0,In Progress,PHONE
63653351,2025-01-06T16:20:28.000,,DOHMH,Unleashed Dog,Unleashed Dog in Public,BROOKLYN,11234.0,In Progress,PHONE
63653481,2025-01-06T12:27:00.000,,DOT,Street Light Condition,Street Light Out,QUEENS,11414.0,Assigned,UNKNOWN
63654026,2025-01-06T17:03:21.000,2025-01-06T17:04:12.000,NYPD,Noise - Residential,Loud Music/Party,BRONX,10466.0,Unspecified,MOBILE
63654124,2025-01-06T17:29:16.000,,HPD,ELECTRIC,NO LIGHTING,BRONX,10466.0,Open,ONLINE
63654504,2025-01-06T17:50:54.000,,HPD,PAINT/PLASTER,CEILING,BROOKLYN,11215.0,Open,ONLINE
63654543,2025-01-06T04:53:58.000,2025-01-06T04:53:58.000,DOB,General Construction/Plumbing,Fence - None/Inadequate,QUEENS,11378.0,Open,UNKNOWN
63654552,2025-01-06T14:45:02.000,,HPD,PAINT/PLASTER,WALL,BROOKLYN,11213.0,Open,PHONE
63654714,2025-01-06T12:08:00.000,,DEP,Industrial Waste,Wastewater Into Catch Basin (IEB),STATEN ISLAND,10309.0,Open,PHONE
63655004,2025-01-06T14:45:02.000,,HPD,UNSANITARY CONDITION,MOLD,BROOKLYN,11213.0,Open,PHONE
63655057,2025-01-06T10:31:14.000,,HPD,UNSANITARY CONDITION,PESTS,BRONX,10452.0,Open,PHONE
63655133,2025-01-06T11:17:50.000,,DPR,Damaged Tree,Branch Cracked and Will Fall,QUEENS,11379.0,In Progress,ONLINE
63655147,2025-01-06T10:45:49.000,,DPR,Illegal Tree Damage,Trunk Damaged,QUEENS,11365.0,In Progress,ONLINE
63655305,2025-01-06T19:55:17.000,2025-01-07T11:30:00.000,DOHMH,Indoor Air Quality,Chemical Vapors/Gases/Odors,BROOKLYN,11238.0,Assigned,ONLINE
63656085,2025-01-06T10:31:14.000,,HPD,ELECTRIC,OUTLET/SWITCH,BRONX,10452.0,Open,PHONE
63656110,2025-01-06T17:50:54.000,,HPD,FLOORING/STAIRS,FLOOR,BROOKLYN,11215.0,Open,ONLINE
63656127,2025-01-06T17:50:54.000,,HPD,GENERAL,BELL/BUZZER/INTERCOM,BROOKLYN,11215.0,Open,ONLINE
63656170,2025-01-06T17:50:54.000,,HPD,ELECTRIC,WIRING,BROOKLYN,11215.0,Open,ONLINE
63656552,2025-01-06T16:31:02.000,,TLC,Taxi Report,Driver Report - Passenger,MANHATTAN,10025.0,In Progress,PHONE
63656669,2025-01-06T19:48:03.000,,HPD,PLUMBING,WATER SUPPLY,BRONX,10456.0,Open,ONLINE
63656757,2025-01-06T16:14:00.000,,DEP,Water System,Leak (Use Comments) (WA2),BROOKLYN,11234.0,Open,ONLINE
63656893,2025-01-06T07:51:00.000,2025-01-04T02:00:00.000,DOT,Street Light Condition,Street Light Out,MANHATTAN,10280.0,Pending,UNKNOWN
63657258,2025-01-06T14:25:16.000,,DPR,Damaged Tree,Tree Leaning/Uprooted,BROOKLYN,11219.0,In Progress,UNKNOWN
63657586,2025-01-06T21:55:00.000,,DOT,Street Light Condition,Street Light Out,QUEENS,11694.0,Assigned,UNKNOWN
63657602,2025-01-06T17:02:43.000,2025-01-06T17:04:13.000,NYPD,Noise - Residential,Loud Music/Party,BRONX,10466.0,Unspecified,MOBILE
63657902,2025-01-06T22:58:34.000,2025-01-06T22:58:39.000,NYPD,Noise - Residential,Loud Music/Party,BRONX,10466.0,Unspecified,MOBILE
63657950,2025-01-06T17:50:54.000,,HPD,ELECTRIC,OUTLET/SWITCH,BROOKLYN,11215.0,Open,ONLINE
63658023,2025-01-06T14:45:02.000,,HPD,FLOORING/STAIRS,FLOOR,BROOKLYN,11213.0,Open,PHONE
63658165,2025-01-06T08:58:06.000,,HPD,HEAT/HOT WATER,ENTIRE BUILDING,MANHATTAN,10027.0,Open,PHONE
63658373,2025-01-06T17:50:54.000,,HPD,PAINT/PLASTER,WALL,BROOKLYN,11215.0,Open,ONLINE
63658461,2025-01-06T17:45:17.000,,HPD,UNSANITARY CONDITION,PESTS,BRONX,10454.0,Open,PHONE
63658504,2025-01-06T08:07:23.000,2025-01-06T08:07:23.000,DOB,Boilers,Boiler - Defective/Inoperative/No Permit,STATEN ISLAND,10308.0,Open,UNKNOWN
63658605,2025-01-06T08:58:53.000,,DOHMH,Construction Lead Dust,In Common Areas,QUEENS,11694.0,In Progress,PHONE
63658792,2025-01-06T22:59:00.000,,DOT,Street Light Condition,Street Light Out,BRONX,,Assigned,UNKNOWN
63658829,2025-01-06T16:32:00.000,,DEP,Water System,Leak (Use Comments) (WA2),BROOKLYN,11220.0,Open,PHONE
63658937,2025-01-06T20:25:31.000,,DSNY,Dirty Condition,Trash,BRONX,10457.0,In Progress,MOBILE
63658957,2025-01-06T00:52:51.000,,DPR,Damaged Tree,Tree Leaning/Uprooted,BROOKLYN,11219.0,In Progress,MOBILE
63658978,2025-01-05T14:52:14.000,,DOT,Street Condition,Pothole,MANHATTAN,10014.0,Pending,UNKNOWN
63659025,2025-01-06T10:24:12.000,,DOHMH,Harboring Bees/Wasps,Bees/Wasps - Not a beekeper,QUEENS,11103.0,In Progress,PHONE
63659033,2025-01-06T08:27:59.000,,DPR,Overgrown Tree/Branches,Hitting Building,QUEENS,11412.0,In Progress,PHONE
63659107,2025-01-06T15:45:32.000,,DPR,Damaged Tree,Branch or Limb Has Fallen Down,BROOKLYN,11210.0,In Progress,PHONE
63659191,2025-01-06T13:33:20.000,,DPR,Damaged Tree,Tree Leaning/Uprooted,BROOKLYN,11235.0,In Progress,ONLINE
63659230,2025-01-06T11:44:45.000,,DPR,Maintenance or Facility,Recreation Center,MANHATTAN,10022.0,In Progress,PHONE
63660002,2025-01-06T17:50:54.000,,HPD,GENERAL,CABINET,BROOKLYN,11215.0,Open,ONLINE
63660287,2025-01-06T07:10:43.000,,HPD,UNSANITARY CONDITION,MOLD,BROOKLYN,11208.0,Open,PHONE
63660331,2025-01-06T10:02:14.000,,TLC,Taxi Report,Driver Report - Passenger,QUEENS,11369.0,In Progress,ONLINE
63660497,2025-01-06T14:03:55.000,,HPD,WATER LEAK,HEAVY FLOW,MANHATTAN,10027.0,Open,PHONE
63660535,2025-01-06T16:57:58.000,,DOHMH,Construction Lead Dust,Coming into Apartment,BRONX,10472.0,In Progress,PHONE
63660872,2025-01-06T15:19:48.000,,DOT,Street Condition,Pothole,QUEENS,11422.0,Pending,UNKNOWN
63661118,2025-01-06T17:07:17.000,,DPR,Damaged Tree,Branch Cracked and Will Fall,BROOKLYN,11204.0,In Progress,PHONE
63661119,2025-01-06T17:45:21.000,,DPR,Damaged Tree,Branch or Limb Has Fallen Down,BROOKLYN,11225.0,In Progress,PHONE
63661120,2025-01-06T11:56:15.000,,DPR,Damaged Tree,Tree Alive - in Poor Condition,BROOKLYN,11229.0,In Progress,MOBILE
63661530,2025-01-06T23:08:05.000,2025-01-06T23:08:16.000,NYPD,Noise - Residential,Loud Music/Party,BRONX,10466.0,Unspecified,MOBILE
63662137,2025-01-06T11:22:59.000,,HPD,PLUMBING,BASIN/SINK,BRONX,10459.0,Open,PHONE
63662230,2025-01-06T10:54:32.000,,HPD,SAFETY,CARBON MONOXIDE DETECTOR,BROOKLYN,11211.0,Open,ONLINE
63662274,2025-01-06T14:45:02.000,,HPD,UNSANITARY CONDITION,PESTS,BROOKLYN,11213.0,Open,PHONE
63662285,2025-01-06T10:31:14.000,,HPD,PAINT/PLASTER,WALL,BRONX,10452.0,Open,PHONE
63662290,2025-01-06T10:31:14.000,,HPD,PAINT/PLASTER,WALL,BRONX,10452.0,Open,PHONE
63662368,2025-01-06T08:22:32.000,2025-01-07T00:00:00.000,DOB,General Construction/Plumbing,Curb Cut/Driveway/Carport - Illegal,QUEENS,11385.0,Assigned,UNKNOWN
63662469,2025-01-06T09:42:41.000,,DOHMH,Construction Lead Dust,Common Areas and Apartment,MANHATTAN,10044.0,In Progress,ONLINE
63662584,2025-01-06T16:29:00.000,,DEP,Water System,Leak (Use Comments) (WA2),BROOKLYN,11219.0,Open,PHONE
63662687,2025-01-06T19:25:00.000,2025-01-06T23:10:00.000,DOT,Traffic Signal Condition,Pedestrian Signal,BROOKLYN,11221.0,Assigned,UNKNOWN
63662696,2025-01-06T11:34:17.000,2025-01-06T11:34:17.000,DOB,General Construction/Plumbing,Building Permit - None,BROOKLYN,11236.0,Assigned,UNKNOWN
63663068,2025-01-07T15:54:12.000,,TLC,Taxi Report,Driver Report - Passenger,MANHATTAN,10004.0,In Progress,PHONE
63663083,2025-01-07T10:22:49.000,,DPR,Uprooted Stump,Remove Stump,QUEENS,11357.0,In Progress,ONLINE
63663084,2025-01-07T10:25:30.000,,DPR,Uprooted Stump,Remove Stump,QUEENS,11360.0,In Progress,ONLINE
63663289,2025-01-07T07:54:21.000,,DPR,Damaged Tree,Entire Tree Has Fallen Down,QUEENS,11104.0,In Progress,ONLINE
63663374,2025-01-07T07:34:11.000,,HPD,FLOORING/STAIRS,FLOOR,MANHATTAN,10026.0,Open,PHONE
63663413,2025-01-07T15:49:26.000,,DOHMH,Unleashed Dog,Unleashed Dog in Public,BROOKLYN,11207.0,In Progress,ONLINE
63663623,2025-01-07T16:56:31.000,,HPD,HEAT/HOT WATER,APARTMENT ONLY,BRONX,10454.0,Open,ONLINE
63664266,2025-01-07T15:29:00.000,,DEP,Water System,Possible Water Main Break (Use Comments) (WA1),BRONX,10469.0,Started,PHONE
63664556,2025-01-07T11:02:00.000,,DOT,Street Light Condition,Street Light Out,MANHATTAN,,Assigned,UNKNOWN
63664968,2025-01-07T11:00:00.000,,DOT,Street Light Condition,Street Light Out,BRONX,10467.0,Assigned,UNKNOWN
63665154,2025-01-07T07:34:11.000,,HPD,PAINT/PLASTER,WALL,MANHATTAN,10026.0,Open,PHONE
63665222,2025-01-07T12:57:27.000,,HPD,GENERAL,COOKING GAS,MANHATTAN,10039.0,Open,PHONE
63665806,2025-01-07T15:15:12.000,,DOHMH,Indoor Sewage,Sewage Leak,MANHATTAN,10003.0,In Progress,ONLINE
63665814,2025-01-07T06:36:40.000,,DOHMH,Construction Lead Dust,Common Areas and Apartment,BROOKLYN,11217.0,In Progress,ONLINE
63665891,2025-01-07T07:59:37.000,,DPR,Damaged Tree,Entire Tree Has Fallen Down,QUEENS,11377.0,In Progress,ONLINE
63666057,2025-01-07T16:08:00.000,,DEP,Sewer,Culvert Blocked/Needs Cleaning (SE),QUEENS,11101.0,Open,ONLINE
63666116,2025-01-07T13:47:00.000,,DEP,Sewer,Street Flooding (SJ),QUEENS,11373.0,Open,ONLINE
63666218,2025-01-07T10:26:00.000,,DEP,Sewer,Catch Basin Clogged/Flooding (Use Comments) (SC),QUEENS,11411.0,Open,PHONE
63666560,2025-01-07T15:15:00.000,2025-01-08T03:05:00.000,DOT,Traffic Signal Condition,Cable,BROOKLYN,11207.0,Assigned,UNKNOWN
63666653,2025-01-07T23:29:00.000,,HPD,UNSANITARY CONDITION,PESTS,BRONX,10451.0,Open,ONLINE
63667024,2025-01-07T14:20:00.000,,DOT,Street Light Condition,Street Light Out,BRONX,10454.0,Assigned,UNKNOWN
63667668,2025-01-07T19:03:57.000,,HPD,PAINT/PLASTER,CEILING,BROOKLYN,11236.0,Open,ONLINE
63667744,2025-01-07T07:34:11.000,,HPD,PAINT/PLASTER,WALL,MANHATTAN,10026.0,Open,PHONE
63667891,2025-01-07T11:41:57.000,,DOHMH,Construction Lead Dust,Common Areas and Apartment,BROOKLYN,11233.0,In Progress,ONLINE
63667989,2025-01-07T12:46:10.000,,DPR,Root/Sewer/Sidewalk Condition,Affecting Sewer or Foundation,BROOKLYN,11220.0,In Progress,PHONE
63668272,2025-01-07T18:17:00.000,,DEP,Water System,Leak (Use Comments) (WA2),BROOKLYN,11237.0,Open,PHONE
63668757,2025-01-07T15:29:00.000,,DEP,Sewer,RAIN GARDEN DEBRIS (GIRGD),QUEENS,11104.0,Open,PHONE
63669354,2025-01-07T11:26:17.000,,HPD,HEAT/HOT WATER,ENTIRE BUILDING,MANHATTAN,10002.0,Open,ONLINE
63669757,2025-01-07T10:58:12.000,,DPR,Damaged Tree,Branch Cracked and Will Fall,BROOKLYN,11212.0,In Progress,PHONE
63670412,2025-01-07T07:34:11.000,,HPD,WATER LEAK,SLOW LEAK,MANHATTAN,10026.0,Open,PHONE
63670468,2025-01-06T13:55:34.000,,DOT,Street Condition,Wear & Tear,BROOKLYN,11229.0,Pending,UNKNOWN
63670898,2025-01-07T07:34:11.000,,HPD,DOOR/WINDOW,WINDOW FRAME,MANHATTAN,10026.0,Open,PHONE
63671440,2025-01-07T14:11:34.000,,DPR,Overgrown Tree/Branches,Hitting Building,QUEENS,11004.0,In Progress,PHONE
63671540,2025-01-07T09:33:34.000,,DPR,Root/Sewer/Sidewalk Condition,Trees and Sidewalks Program,MANHATTAN,10031.0,In Progress,ONLINE
63671604,2025-01-07T07:34:11.000,,HPD,PLUMBING,BASIN/SINK,MANHATTAN,10026.0,Open,PHONE
63671829,2025-01-07T10:10:38.000,,TLC,Taxi Report,Driver Report - Passenger,QUEENS,11369.0,In Progress,PHONE
63671850,2025-01-07T17:06:00.000,,DPR,Damaged Tree,Branch or Limb Has Fallen Down,BROOKLYN,11215.0,In Progress,PHONE
63672016,2025-01-07T10:29:05.000,,TLC,Taxi Complaint,Driver Complaint - Passenger,QUEENS,11430.0,In Progress,PHONE
63672081,2025-01-07T17:02:00.000,,DEP,Water System,Possible Water Main Break (Use Comments) (WA1),BROOKLYN,11214.0,Open,ONLINE
63672129,2025-01-07T17:03:04.000,,DSNY,Graffiti,Graffiti,BROOKLYN,11220.0,Open,UNKNOWN
63672494,2025-01-06T04:03:00.000,,DOT,Street Condition,Wear & Tear,BROOKLYN,11203.0,Pending,UNKNOWN
63672561,2025-01-07T20:07:00.000,,DOT,Street Light Condition,Street Light Out,BRONX,10469.0,Assigned,UNKNOWN
63672704,2025-01-07T07:34:11.000,,HPD,DOOR/WINDOW,DOOR FRAME,MANHATTAN,10026.0,Open,PHONE
63673392,2025-01-07T19:03:02.000,,TLC,For Hire Vehicle Report,Car Service Company Report,MANHATTAN,10065.0,In Progress,PHONE
63673456,2025-01-07T15:04:18.000,,DPR,Root/Sewer/Sidewalk Condition,Trees and Sidewalks Program,MANHATTAN,10128.0,In Progress,PHONE
63674003,2025-01-07T08:34:01.000,,DSNY,Graffiti,Graffiti,BROOKLYN,11229.0,Open,UNKNOWN
63674029,2025-01-07T13:47:00.000,,DEP,Water System,Possible Water Main Break (Use Comments) (WA1),BRONX,10469.0,Open,PHONE
63674369,2025-01-06T07:00:00.000,,DOT,Street Condition,Wear & Tear,STATEN ISLAND,10312.0,Pending,UNKNOWN
63674605,2025-01-07T11:31:46.000,,HPD,DOOR/WINDOW,DOOR,MANHATTAN,10039.0,Open,PHONE
63674606,2025-01-07T21:26:00.000,,DOT,Street Light Condition,Street Light Out,MANHATTAN,10023.0,Assigned,UNKNOWN
63674625,2025-01-07T16:28:26.000,,HPD,DOOR/WINDOW,WINDOW PANE,QUEENS,11691.0,Open,PHONE
63675293,2025-01-07T10:12:09.000,,DPR,Wood Pile Remaining,Remove Debris,BROOKLYN,11204.0,In Progress,PHONE
63675789,2025-01-07T15:55:33.000,,DPR,Root/Sewer/Sidewalk Condition,Trees and Sidewalks Program,BROOKLYN,11229.0,In Progress,ONLINE
63675851,2025-01-07T14:32:00.000,,DEP,Sewer,Manhole Overflow (Use Comments) (SA1),BROOKLYN,11221.0,Open,PHONE
63676336,2025-01-07T08:43:00.000,,DOT,Street Light Condition,Multiple Street Lights Out,BRONX,,Assigned,UNKNOWN
63676459,2025-01-07T16:50:03.000,2025-01-07T16:50:03.000,DOB,General Construction/Plumbing,Debris - Excessive,QUEENS,11377.0,Open,UNKNOWN
63676609,2025-01-07T00:36:24.000,,HPD,ELECTRIC,NO LIGHTING,BROOKLYN,11207.0,Open,PHONE
63676683,2025-01-07T07:34:11.000,,HPD,FLOORING/STAIRS,FLOOR,MANHATTAN,10026.0,Open,PHONE
63676856,2025-01-07T23:29:00.000,,HPD,HEAT/HOT WATER,ENTIRE BUILDING,BRONX,10451.0,Open,ONLINE
63677237,2025-01-07T16:38:58.000,,DPR,Overgrown Tree/Branches,Dead Branches in Tree,QUEENS,11378.0,In Progress,ONLINE
63677239,2025-01-07T15:55:06.000,,DPR,Overgrown Tree/Branches,Hitting Building,QUEENS,11385.0,In Progress,ONLINE
63677272,2025-01-07T19:51:45.000,,HPD,WATER LEAK,HEAVY FLOW,MANHATTAN,10037.0,Open,ONLINE
